H_name,H_res,H_resi,H_chain,Acc_name,Acc_res,Acc_resi,Acc_chain,Dist (Ã…)
HE1,MET,28,,NH1,ARG,95,,3.62
HE1,MET,28,,NH2,ARG,95,,3.854
HD11,LEU,31,,OD2,ASP,97,,3.505
HD12,LEU,31,,NE,ARG,95,,3.849
HD13,LEU,31,,NH1,ARG,95,,3.466
HE1,TYR,49,,OD1,ASN,51,,3.201
HE2,TYR,49,,ND2,ASN,51,,3.968
HH,TYR,49,,ND2,ASN,51,,3.092
HH,TYR,49,,OD1,ASN,51,,2.572
H,GLN,50,,N,ASN,51,,3.726
HA,GLN,50,,N,ASN,51,,2.366
HB3,GLN,50,,N,ASN,51,,3.688
HG2,GLN,50,,N,ASN,51,,2.976
HG2,GLN,50,,O,ASN,51,,2.809
HG3,GLN,50,,N,ASN,51,,3.586
HG3,GLN,50,,O,ASN,51,,3.716
H,ASN,51,,N,ASN,51,,1.01
H,ASN,51,,O,ASN,51,,2.989
H,ASN,51,,ND2,ASN,51,,3.768
H,ASN,51,,OD1,ASN,51,,3.892
HA,ASN,51,,N,ASN,51,,2.111
HA,ASN,51,,O,ASN,51,,3.259
HA,ASN,51,,ND2,ASN,51,,3.979
HA,ASN,51,,OD1,ASN,51,,2.569
HA,ASN,51,,N,ASP,128,,3.773
HA,ASN,51,,O,ASP,128,,3.013
HB2,ASN,51,,N,ASN,51,,3.336
HB2,ASN,51,,O,ASN,51,,2.92
HB2,ASN,51,,ND2,ASN,51,,2.913
HB2,ASN,51,,OD1,ASN,51,,2.917
HB3,ASN,51,,N,ASN,51,,2.417
HB3,ASN,51,,O,ASN,51,,2.777
HB3,ASN,51,,ND2,ASN,51,,2.495
HB3,ASN,51,,OD1,ASN,51,,3.212
HD21,ASN,51,,ND2,ASN,51,,1.01
HD21,ASN,51,,OD1,ASN,51,,3.098
HD22,ASN,51,,ND2,ASN,51,,1.01
HD22,ASN,51,,OD1,ASN,51,,2.563
H,MET,52,,N,ASN,51,,3.587
H,MET,52,,O,ASN,51,,3.1
H,MET,52,,O,ASP,128,,2.13
HA,MET,52,,O,ASN,51,,2.936
HB2,MET,52,,O,ASP,128,,3.049
HG2,MET,52,,N,ASP,128,,3.472
HG2,MET,52,,O,ASP,128,,2.338
HG3,MET,52,,O,ASP,128,,3.816
HD2,PRO,53,,O,ASN,51,,3.11
HD3,PRO,53,,O,ASN,51,,3.93
HD3,PRO,53,,O,ASP,128,,3.684
H,LEU,54,,O,ASN,51,,2.013
HB3,LEU,54,,O,ASN,51,,2.552
HG,LEU,54,,O,ASN,51,,3.791
HD13,LEU,54,,ND2,ASN,51,,3.975
HD11,LEU,70,,ND2,ASN,51,,3.52
HD12,LEU,70,,ND2,ASN,51,,3.225
HD23,LEU,70,,ND2,ASN,51,,3.746
HA,VAL,79,,OD1,ASP,97,,3.639
HG11,VAL,79,,NE,ARG,95,,3.431
HG11,VAL,79,,OD1,ASP,97,,3.436
HG12,VAL,79,,NE,ARG,95,,3.964
HG12,VAL,79,,OD1,ASP,97,,3.433
HG21,VAL,79,,OD1,ASP,97,,3.394
HG21,VAL,79,,OD2,ASP,97,,3.787
HA,VAL,81,,N,ARG,95,,3.665
H,PHE,82,,N,ARG,95,,3.65
HA,GLU,94,,N,ARG,95,,2.492
HB2,GLU,94,,N,ARG,95,,3.794
HG2,GLU,94,,N,ARG,95,,3.509
HG3,GLU,94,,N,ARG,95,,3.002
H,ARG,95,,N,ARG,95,,1.009
H,ARG,95,,O,ARG,95,,2.276
HA,ARG,95,,N,ARG,95,,2.073
HA,ARG,95,,O,ARG,95,,3.14
HB2,ARG,95,,N,ARG,95,,2.618
HB3,ARG,95,,N,ARG,95,,3.326
HB3,ARG,95,,O,ARG,95,,3.819
HG2,ARG,95,,N,ARG,95,,3.692
HG2,ARG,95,,O,ARG,95,,3.1
HG2,ARG,95,,NE,ARG,95,,2.665
HG2,ARG,95,,N,ASP,97,,3.751
HG2,ARG,95,,OD1,ASP,97,,2.679
HG3,ARG,95,,N,ARG,95,,2.668
HG3,ARG,95,,O,ARG,95,,3.116
HG3,ARG,95,,NE,ARG,95,,2.908
HG3,ARG,95,,NH2,ARG,95,,3.504
HD2,ARG,95,,NE,ARG,95,,2.096
HD2,ARG,95,,NH1,ARG,95,,3.925
HD2,ARG,95,,NH2,ARG,95,,2.585
HD3,ARG,95,,NE,ARG,95,,2.078
HD3,ARG,95,,NH2,ARG,95,,3.806
HD3,ARG,95,,OD1,ASP,97,,3.679
HE,ARG,95,,NE,ARG,95,,1.01
HE,ARG,95,,NH1,ARG,95,,2.434
HE,ARG,95,,NH2,ARG,95,,3.187
HE,ARG,95,,OD1,ASP,97,,2.351
HE,ARG,95,,OD2,ASP,97,,2.982
HH11,ARG,95,,NE,ARG,95,,2.7
HH11,ARG,95,,NH1,ARG,95,,1.01
HH11,ARG,95,,NH2,ARG,95,,2.947
HH11,ARG,95,,OD2,ASP,97,,3.229
HH11,ARG,95,,OD2,ASP,128,,3.133
HH12,ARG,95,,NE,ARG,95,,2.791
HH12,ARG,95,,NH1,ARG,95,,1.01
HH12,ARG,95,,NH2,ARG,95,,2.818
HH12,ARG,95,,OD1,ASP,97,,3.789
HH12,ARG,95,,OD2,ASP,97,,2.965
HH12,ARG,95,,OD2,ASP,128,,2.751
HH21,ARG,95,,NE,ARG,95,,3.037
HH21,ARG,95,,NH1,ARG,95,,2.695
HH21,ARG,95,,NH2,ARG,95,,1.01
HH21,ARG,95,,OD1,ASP,128,,2.467
HH21,ARG,95,,OD2,ASP,128,,3.217
HH22,ARG,95,,NE,ARG,95,,2.726
HH22,ARG,95,,NH1,ARG,95,,2.993
HH22,ARG,95,,NH2,ARG,95,,1.011
HH22,ARG,95,,OD1,ASP,128,,3.357
H,VAL,96,,O,ARG,95,,3.128
HA,VAL,96,,O,ARG,95,,2.304
HA,VAL,96,,N,ASP,97,,2.494
HB,VAL,96,,N,ASP,97,,3.939
HG11,VAL,96,,N,ASP,97,,3.249
HG11,VAL,96,,O,ASP,97,,3.787
HG13,VAL,96,,N,ASP,97,,2.995
HG13,VAL,96,,O,ASP,97,,3.711
HG21,VAL,96,,O,ARG,95,,3.071
HG23,VAL,96,,O,ARG,95,,3.46
H,ASP,97,,N,ASP,97,,1.01
H,ASP,97,,O,ASP,97,,2.734
H,ASP,97,,OD1,ASP,97,,3.781
HA,ASP,97,,N,ASP,97,,2.086
HA,ASP,97,,O,ASP,97,,3.292
HA,ASP,97,,OD1,ASP,97,,2.585
HA,ASP,97,,OD2,ASP,97,,3.733
HB2,ASP,97,,N,ASP,97,,2.721
HB2,ASP,97,,O,ASP,97,,3.187
HB2,ASP,97,,OD1,ASP,97,,2.924
HB2,ASP,97,,OD2,ASP,97,,2.854
HB3,ASP,97,,N,ASP,97,,3.457
HB3,ASP,97,,O,ASP,97,,3.262
HB3,ASP,97,,OD1,ASP,97,,3.114
HB3,ASP,97,,OD2,ASP,97,,2.536
HD1,ASP,97,,NE,ARG,95,,2.561
HD1,ASP,97,,NH1,ARG,95,,3.699
HD1,ASP,97,,N,ASP,97,,3.066
HD1,ASP,97,,OD1,ASP,97,,0.945
HD1,ASP,97,,OD2,ASP,97,,2.656
H,VAL,98,,N,ASP,97,,3.551
H,VAL,98,,O,ASP,97,,3.156
HA,VAL,98,,O,ASP,97,,2.349
HG21,VAL,98,,O,ASP,97,,3.564
H,LEU,99,,O,ASP,97,,3.1
HG,LEU,99,,O,ASP,97,,3.069
HD22,LEU,99,,OD2,ASP,97,,3.295
HA,ASN,109,,O,ASP,97,,2.575
H,LEU,110,,O,ASP,97,,2.417
HB2,LEU,110,,O,ASP,97,,3.412
HA,SER,111,,O,ARG,95,,2.896
H,ILE,112,,O,ARG,95,,2.053
HB,ILE,112,,O,ARG,95,,3.867
HB,ILE,112,,NE,ARG,95,,3.778
HB,ILE,112,,NH1,ARG,95,,3.971
HB,ILE,112,,NH2,ARG,95,,3.965
HG21,ILE,112,,NH1,ARG,95,,3.251
HG21,ILE,112,,NH2,ARG,95,,3.534
HG21,ILE,112,,OD1,ASP,128,,3.547
HG21,ILE,112,,OD2,ASP,128,,3.125
HG22,ILE,112,,NH2,ARG,95,,3.588
HG22,ILE,112,,OD1,ASP,128,,3.506
HD13,ILE,112,,NH1,ARG,95,,3.769
HD13,ILE,112,,OD1,ASP,97,,3.628
HD13,ILE,112,,OD2,ASP,97,,2.919
HA2,GLY,114,,NH2,ARG,95,,3.46
HA2,GLY,114,,OD1,ASP,128,,2.404
HA3,GLY,114,,N,ASP,128,,3.918
HA3,GLY,114,,OD1,ASP,128,,3.024
HZ,PHE,116,,NH2,ARG,95,,3.641
HE1,TRP,126,,N,ASP,128,,3.684
HE1,TRP,126,,OD1,ASP,128,,1.99
HE1,TRP,126,,OD2,ASP,128,,2.723
HZ2,TRP,126,,NH1,ARG,95,,3.415
HZ2,TRP,126,,OD1,ASP,128,,3.883
HZ2,TRP,126,,OD2,ASP,128,,2.627
H,ARG,127,,N,ASP,128,,3.65
HA,ARG,127,,N,ASP,128,,2.454
HB2,ARG,127,,N,ASP,128,,3.772
HB3,ARG,127,,N,ASP,128,,3.137
H,ASP,128,,N,ASP,128,,1.01
H,ASP,128,,O,ASP,128,,2.641
HA,ASP,128,,N,ASP,128,,2.112
HA,ASP,128,,O,ASP,128,,3.253
HA,ASP,128,,OD1,ASP,128,,2.44
HA,ASP,128,,OD2,ASP,128,,3.968
HB2,ASP,128,,N,ASP,128,,3.338
HB2,ASP,128,,O,ASP,128,,3.037
HB2,ASP,128,,OD1,ASP,128,,3.014
HB2,ASP,128,,OD2,ASP,128,,2.749
HB3,ASP,128,,OD1,ASN,51,,3.156
HB3,ASP,128,,N,ASP,128,,2.43
HB3,ASP,128,,O,ASP,128,,3.082
HB3,ASP,128,,OD1,ASP,128,,3.119
HB3,ASP,128,,OD2,ASP,128,,2.651
H,TYR,129,,N,ASP,128,,3.827
H,TYR,129,,O,ASP,128,,3.089
HA,TYR,129,,O,ASP,128,,2.475
HD1,TYR,129,,N,ASP,128,,3.483
HD1,TYR,129,,O,ASP,128,,3.36
HD1,PHE,130,,O,ASP,128,,3.266
HE1,PHE,130,,OD1,ASN,51,,2.851
HE1,PHE,130,,O,ASP,128,,3.308
HZ,PHE,130,,ND2,ASN,51,,3.994
HZ,PHE,130,,OD1,ASN,51,,3.514
H1,STO,300,,ND2,ASN,51,,2.618
H1,STO,300,,OD1,ASN,51,,2.766
H2,STO,300,,ND2,ASN,51,,2.912
H98,STO,300,,OD1,ASN,51,,3.939
H98,STO,300,,OD2,ASP,128,,3.874
H99,STO,300,,NH1,ARG,95,,3.237
H99,STO,300,,OD2,ASP,97,,3.509
H99,STO,300,,OD2,ASP,128,,3.349
H6,HO2,301,,OD1,ASN,51,,3.391
H6,HO2,301,,OD2,ASP,128,,3.253
H7,HO2,301,,OD1,ASN,51,,3.52
H7,HO2,301,,NH1,ARG,95,,3.753
H7,HO2,301,,OD1,ASP,128,,3.788
H7,HO2,301,,OD2,ASP,128,,1.772
